iter	Logloss
0	0.6719477295
1	0.6542557069
2	0.6399659803
3	0.6277127039
4	0.6171444606
5	0.6085279579
6	0.6012383737
7	0.5951323887
8	0.5901490473
9	0.5851475237
