iter	Logloss
0	0.6721638037
1	0.6547987646
2	0.6403110477
3	0.628224849
4	0.6179162427
5	0.6094958999
6	0.6021740201
7	0.5963654508
8	0.5910954466
9	0.5861701457
